PASSWORD,HASH_OUTPUT,ALGORITHM,SALTED
ykj!\LQ>,8e88ccfc3c488a08f57fa34595fd0cb4,md5,Not Salted
.p^V:2SQl[,4bc3a9ce5fe9af8eecce17a5a8e3382b,md5,Not Salted
L!$T{,30b722d001b98a05e323a6dea020d529b41ae91e904dc48e1b091fb3034a407d,sha256,Not Salted
dN=loXKU,d3a43f977681fc4038a6781582af119339fbb866a4cd9328a7a9fe5483485355,sha256,Not Salted
lk^bZP5iId,edc595c6ff29f5e0a113952c642178c6fb854e134cd2b7e17d754aa93d67bbf8ab1c73264b6d5faf0b806358390e8ef482171f45ff235e6059cb2440f3e4ec01,sha512,Not Salted
hello05,34ca7fdf4403a989a1cad9dfb042b0b1,md5,Not Salted
hello05,ee61e8968665644c45e0c05194438d324ce8306e92cd660a4c6400a0ef552ba5,sha256,Not Salted
hello05,68e7c7417182df3cdd520a1608ac08193b566ea030bd5e886beaf929a6ef7a55b6081389272c36075e12a2b415aa278067511630eadf7f3015e929914938fbff,sha512,Not Salted
_icI,933a19f6a34751e3fe65c4ee20aa9288,md5,Not Salted
tI1lQlMQVISfSnNoSpeXCX12THhe11o,db4a5f1757bebb5e4491a1c6af4e6634,md5,Salted
HellO12,f4c9084b23062cf9ffa2f94232018c38,md5,Not Salted
sYE7ftXWHL9JcDrn12NxW096EA`|f`o'O?E$,1eaefb01c8922593fe6c92e056cc704c8cddc063180304e092c96c8f2957f97d7e6978c8d700ed9b915de8d62a20c2882020fa73f2d6e0ab4eb3a53fdf009097,sha512,Salted
0VKK07LMP1o65DBZ8WKIENAurdec7f}R7NZO,a701affce44390efb7cb36790dc920261b52c18a6d91042ee0d518f3f851103a95c4682ab813b2bb42ca4129d829bf03c0112d471ce207622654aae88665fd90,sha512,Salted
[o9*GB2RC_,6c7328eaf4ff8b27395a8451de5dc4dc1a0436bf8cdebad27c0fbda110a5b176,sha256,Not Salted
shddBzwTIIkfmwQrDVucUbquwvOyDZF^IHijL72'\,0432d5de43f6c5995485554f435fe9b6872eccbf4bcf73c520a8b3145b1d1bf2532077725b45893e9d165f8a92ceec5f7326a03a3c68eb9fd46b4344ceeb047f,sha512,Salted
"MC4CUR;d0,pcD]ni",11cf0dbccb2b631f1b252619a4702009,md5,Not Salted
"Q']4(M"">*XH`'BN3f,i=l:,!H?Nc+@iA",f4a33760afa8b228ad45a7f085d2a78a,md5,Not Salted
*0?0byqv]k54lVLf?H`/8=?s~sIGKx\1,47fcfa418b4ab6bb2ae496036f9ff87c777dc7dc6878ee967082987f86d3fa4b,sha256,Not Salted
"2*x\!-ADb~,Qv{<&za<{D-DgB4""we+1Q",cded505aa6796eb88dc2429623869a9d881c2b00ffd3c3d19cdb0bbb3400e6b9fa695016b914197165ed0bf943b34213d7a9d08ab2355bbc3bcd27b3b258da0c,sha512,Not Salted
8cb{woXihSDg/z+e,"$argon2id$v=19$m=65536,t=3,p=4$U4pR6p1TirHWmjPGGMOYsw$n0cDZMcIdcgLp36JpSW+HZwa0KtZb9toJE2vq97euuc",argon2id,Not Salted